name,country,city,continent,language,political_stance,economic_stance,latitude,longitude,flag_emoji,background,website_url,id,created_date,updated_date,created_by_id,created_by,is_sample
"Daily Nation","ã‚±ãƒ‹ã‚¢","ãƒŠã‚¤ãƒ­ãƒ“","ã‚¢ãƒ•ãƒªã‚«","è‹±èª","ä¸­é“","æ··åˆçµŒæ¸ˆ","-1.2921","36.8219","ğŸ‡°ğŸ‡ª","æ±ã‚¢ãƒ•ãƒªã‚«æœ€å¤§ã®ç‹¬ç«‹ç³»ãƒ¡ãƒ‡ã‚£ã‚¢ã€‚1958å¹´å‰µåˆŠã§ã€ã‚±ãƒ‹ã‚¢ã®æ°‘ä¸»åŒ–ã«é‡è¦ãªå½¹å‰²ã‚’æœãŸã—ã¦ããŸã€‚","https://nation.africa/","6906a9b0e5d3bf246132aaa6","2025-11-02T00:45:36.205000","2025-11-02T00:45:36.205000","6906a8a756a390b09aaf81fb","so1ro.tanabe@gmail.com","false"
"The Hindu","ã‚¤ãƒ³ãƒ‰","ãƒã‚§ãƒ³ãƒŠã‚¤","ã‚¢ã‚¸ã‚¢","è‹±èª","ä¸­é“å·¦æ´¾","æ··åˆçµŒæ¸ˆ","13.0827","80.2707","ğŸ‡®ğŸ‡³","1878å¹´å‰µåˆŠã®ã‚¤ãƒ³ãƒ‰æœ€å¤ã®è‹±å­—æ–°èã€‚çŸ¥è­˜äººå±¤ã«æ”¯æŒã•ã‚Œã€è©³ç´°ãªåˆ†æè¨˜äº‹ã§çŸ¥ã‚‰ã‚Œã‚‹ã€‚","https://www.thehindu.com/","6906a9b0e5d3bf246132aaa7","2025-11-02T00:45:36.205000","2025-11-02T00:45:36.205000","6906a8a756a390b09aaf81fb","so1ro.tanabe@gmail.com","false"
"Folha de S.Paulo","ãƒ–ãƒ©ã‚¸ãƒ«","ã‚µãƒ³ãƒ‘ã‚¦ãƒ­","å—ã‚¢ãƒ¡ãƒªã‚«","ãƒãƒ«ãƒˆã‚¬ãƒ«èª","ä¸­é“","æ··åˆçµŒæ¸ˆ","-23.5505","-46.6333","ğŸ‡§ğŸ‡·","ãƒ–ãƒ©ã‚¸ãƒ«æœ€å¤§ã®ç™ºè¡Œéƒ¨æ•°ã‚’èª‡ã‚‹æ—¥åˆŠç´™ã€‚1921å¹´å‰µåˆŠã§ã€èª¿æŸ»å ±é“ã«å®šè©•ãŒã‚ã‚‹ã€‚","https://www.folha.uol.com.br/","6906a9b0e5d3bf246132aaa8","2025-11-02T00:45:36.205000","2025-11-02T00:45:36.205000","6906a8a756a390b09aaf81fb","so1ro.tanabe@gmail.com","false"
"Al Jazeera","ã‚«ã‚¿ãƒ¼ãƒ«","ãƒ‰ãƒ¼ãƒ","ä¸­æ±","ã‚¢ãƒ©ãƒ“ã‚¢èª","ç‹¬ç«‹ç³»","æ··åˆçµŒæ¸ˆ","25.2854","51.531","ğŸ‡¶ğŸ‡¦","1996å¹´è¨­ç«‹ã€‚ä¸­æ±ç™ºã®ã‚°ãƒ­ãƒ¼ãƒãƒ«ãƒ‹ãƒ¥ãƒ¼ã‚¹ãƒãƒƒãƒˆãƒ¯ãƒ¼ã‚¯ã¨ã—ã¦ã€è¥¿æ¬§ãƒ¡ãƒ‡ã‚£ã‚¢ã¨ã¯ç•°ãªã‚‹è¦–ç‚¹ã‚’æä¾›ã€‚","https://www.aljazeera.com/","6906a9b0e5d3bf246132aaa9","2025-11-02T00:45:36.205000","2025-11-02T00:45:36.205000","6906a8a756a390b09aaf81fb","so1ro.tanabe@gmail.com","false"
"Bangkok Post","ã‚¿ã‚¤","ãƒãƒ³ã‚³ã‚¯","ã‚¢ã‚¸ã‚¢","è‹±èª","ä¸­é“","è‡ªç”±å¸‚å ´","13.7563","100.5018","ğŸ‡¹ğŸ‡­","1946å¹´å‰µåˆŠã®ã‚¿ã‚¤æœ€å¤ã®è‹±å­—æ–°èã€‚æ±å—ã‚¢ã‚¸ã‚¢ã®æ”¿æ²»ãƒ»çµŒæ¸ˆå‹•å‘ã‚’è©³ã—ãå ±ã˜ã‚‹ã€‚","https://www.bangkokpost.com/","6906a9b0e5d3bf246132aaaa","2025-11-02T00:45:36.205000","2025-11-02T00:45:36.205000","6906a8a756a390b09aaf81fb","so1ro.tanabe@gmail.com","false"
"La NaciÃ³n","ã‚¢ãƒ«ã‚¼ãƒ³ãƒãƒ³","ãƒ–ã‚¨ãƒã‚¹ã‚¢ã‚¤ãƒ¬ã‚¹","å—ã‚¢ãƒ¡ãƒªã‚«","ã‚¹ãƒšã‚¤ãƒ³èª","ä¸­é“å³æ´¾","è‡ªç”±å¸‚å ´","-34.6037","-58.3816","ğŸ‡¦ğŸ‡·","1870å¹´å‰µåˆŠã®æ­´å²ã‚ã‚‹æ–°èã€‚ã‚¢ãƒ«ã‚¼ãƒ³ãƒãƒ³ã®ã‚¨ãƒªãƒ¼ãƒˆå±¤ã«åºƒãèª­ã¾ã‚Œã¦ã„ã‚‹ã€‚","https://www.lanacion.com.ar/","6906a9b0e5d3bf246132aaab","2025-11-02T00:45:36.205000","2025-11-02T00:45:36.205000","6906a8a756a390b09aaf81fb","so1ro.tanabe@gmail.com","false"
"Mail & Guardian","å—ã‚¢ãƒ•ãƒªã‚«","ãƒ¨ãƒãƒã‚¹ãƒ–ãƒ«ã‚°","ã‚¢ãƒ•ãƒªã‚«","è‹±èª","ä¸­é“å·¦æ´¾","æ··åˆçµŒæ¸ˆ","-26.2041","28.0473","ğŸ‡¿ğŸ‡¦","èª¿æŸ»å ±é“ã¨æ‰¹åˆ¤çš„ã‚¸ãƒ£ãƒ¼ãƒŠãƒªã‚ºãƒ ã§çŸ¥ã‚‰ã‚Œã‚‹é€±åˆŠç´™ã€‚ã‚¢ãƒ‘ãƒ«ãƒˆãƒ˜ã‚¤ãƒˆå¾Œã®å—ã‚¢ãƒ•ãƒªã‚«ã®æ°‘ä¸»ä¸»ç¾©ã‚’æ”¯ãˆã‚‹ã€‚","https://mg.co.za/","6906a9b0e5d3bf246132aaac","2025-11-02T00:45:36.205000","2025-11-02T00:45:36.205000","6906a8a756a390b09aaf81fb","so1ro.tanabe@gmail.com","false"
"Le Monde","ãƒ•ãƒ©ãƒ³ã‚¹","ãƒ‘ãƒª","ãƒ¨ãƒ¼ãƒ­ãƒƒãƒ‘","ãƒ•ãƒ©ãƒ³ã‚¹èª","ä¸­é“å·¦æ´¾","æ··åˆçµŒæ¸ˆ","48.8566","2.3522","ğŸ‡«ğŸ‡·","1944å¹´å‰µåˆŠã€‚ãƒ•ãƒ©ãƒ³ã‚¹ã®çŸ¥è­˜äººå±¤ã«åºƒãèª­ã¾ã‚Œã‚‹é«˜ç´šç´™ã€‚å›½éš›å•é¡Œã®åˆ†æã«å®šè©•ã€‚","https://www.lemonde.fr/","6906a9b0e5d3bf246132aaad","2025-11-02T00:45:36.205000","2025-11-02T00:45:36.205000","6906a8a756a390b09aaf81fb","so1ro.tanabe@gmail.com","false"
"Daily Nation","ã‚±ãƒ‹ã‚¢","ãƒŠã‚¤ãƒ­ãƒ“","ã‚¢ãƒ•ãƒªã‚«","è‹±èª","ä¸­é“","æ··åˆçµŒæ¸ˆ","-1.286389","36.817223","ğŸ‡°ğŸ‡ª","æ±ã‚¢ãƒ•ãƒªã‚«æœ€å¤§ã®æ–°è","https://www.nation.co.ke","69080efea1801249bbe1e8d9","2025-11-03T02:10:06.231000","2025-11-03T02:10:06.231000","6906a8a756a390b09aaf81fb","so1ro.tanabe@gmail.com","false"
"The Hindu","ã‚¤ãƒ³ãƒ‰","ãƒã‚§ãƒ³ãƒŠã‚¤","ã‚¢ã‚¸ã‚¢","è‹±èª","ä¸­é“å·¦æ´¾","æ··åˆçµŒæ¸ˆ","13.0827","80.2707","ğŸ‡®ğŸ‡³","ã‚¤ãƒ³ãƒ‰ã‚’ä»£è¡¨ã™ã‚‹è‹±å­—æ–°è","https://www.thehindu.com","69080efea1801249bbe1e8da","2025-11-03T02:10:06.231000","2025-11-03T02:10:06.231000","6906a8a756a390b09aaf81fb","so1ro.tanabe@gmail.com","false"
"Folha de S.Paulo","ãƒ–ãƒ©ã‚¸ãƒ«","ã‚µãƒ³ãƒ‘ã‚¦ãƒ­","å—ã‚¢ãƒ¡ãƒªã‚«","ãƒãƒ«ãƒˆã‚¬ãƒ«èª","ä¸­é“å·¦æ´¾","æ··åˆçµŒæ¸ˆ","-23.5505","-46.6333","ğŸ‡§ğŸ‡·","ãƒ–ãƒ©ã‚¸ãƒ«æœ€å¤§ã®æ—¥åˆŠç´™","https://www.folha.uol.com.br","69080efea1801249bbe1e8db","2025-11-03T02:10:06.231000","2025-11-03T02:10:06.231000","6906a8a756a390b09aaf81fb","so1ro.tanabe@gmail.com","false"
"El PaÃ­s","ã‚¹ãƒšã‚¤ãƒ³","ãƒãƒ‰ãƒªãƒ¼ãƒ‰","ãƒ¨ãƒ¼ãƒ­ãƒƒãƒ‘","ã‚¹ãƒšã‚¤ãƒ³èª","ä¸­é“å·¦æ´¾","æ··åˆçµŒæ¸ˆ","40.4168","-3.7038","ğŸ‡ªğŸ‡¸","ã‚¹ãƒšã‚¤ãƒ³æœ€å¤§ã®æ—¥åˆŠç´™","https://elpais.com","69080efea1801249bbe1e8dc","2025-11-03T02:10:06.231000","2025-11-03T02:10:06.231000","6906a8a756a390b09aaf81fb","so1ro.tanabe@gmail.com","false"
"Al Jazeera","ã‚«ã‚¿ãƒ¼ãƒ«","ãƒ‰ãƒ¼ãƒ","ä¸­æ±","ã‚¢ãƒ©ãƒ“ã‚¢èª","ç‹¬ç«‹ç³»","æ··åˆçµŒæ¸ˆ","25.2854","51.531","ğŸ‡¶ğŸ‡¦","ä¸­æ±ã‚’ä»£è¡¨ã™ã‚‹å›½éš›ãƒ¡ãƒ‡ã‚£ã‚¢","https://www.aljazeera.com","69080efea1801249bbe1e8dd","2025-11-03T02:10:06.231000","2025-11-03T02:10:06.231000","6906a8a756a390b09aaf81fb","so1ro.tanabe@gmail.com","false"
"The Guardian","ã‚¤ã‚®ãƒªã‚¹","ãƒ­ãƒ³ãƒ‰ãƒ³","ãƒ¨ãƒ¼ãƒ­ãƒƒãƒ‘","è‹±èª","ä¸­é“å·¦æ´¾","æ··åˆçµŒæ¸ˆ","51.5074","-0.1278","ğŸ‡¬ğŸ‡§","è‹±å›½ã®é€²æ­©çš„ãªæ—¥åˆŠç´™","https://www.theguardian.com","69080efea1801249bbe1e8de","2025-11-03T02:10:06.231000","2025-11-03T02:10:06.231000","6906a8a756a390b09aaf81fb","so1ro.tanabe@gmail.com","false"
"Le Monde","ãƒ•ãƒ©ãƒ³ã‚¹","ãƒ‘ãƒª","ãƒ¨ãƒ¼ãƒ­ãƒƒãƒ‘","ãƒ•ãƒ©ãƒ³ã‚¹èª","ä¸­é“","æ··åˆçµŒæ¸ˆ","48.8566","2.3522","ğŸ‡«ğŸ‡·","ãƒ•ãƒ©ãƒ³ã‚¹ã®é«˜ç´šæ—¥åˆŠç´™","https://www.lemonde.fr","69080efea1801249bbe1e8df","2025-11-03T02:10:06.231000","2025-11-03T02:10:06.231000","6906a8a756a390b09aaf81fb","so1ro.tanabe@gmail.com","false"
"South China Morning Post","é¦™æ¸¯","é¦™æ¸¯","ã‚¢ã‚¸ã‚¢","è‹±èª","ä¸­é“","è‡ªç”±å¸‚å ´","22.3193","114.1694","ğŸ‡­ğŸ‡°","é¦™æ¸¯æœ€å¤§ã®è‹±å­—æ–°è","https://www.scmp.com","69080efea1801249bbe1e8e0","2025-11-03T02:10:06.231000","2025-11-03T02:10:06.231000","6906a8a756a390b09aaf81fb","so1ro.tanabe@gmail.com","false"
"The New York Times","ã‚¢ãƒ¡ãƒªã‚«","ãƒ‹ãƒ¥ãƒ¼ãƒ¨ãƒ¼ã‚¯","åŒ—ã‚¢ãƒ¡ãƒªã‚«","è‹±èª","ä¸­é“å·¦æ´¾","æ··åˆçµŒæ¸ˆ","40.7128","-74.006","ğŸ‡ºğŸ‡¸","ã‚¢ãƒ¡ãƒªã‚«ã®æ¨©å¨ã‚ã‚‹æ—¥åˆŠç´™","https://www.nytimes.com","69080efea1801249bbe1e8e1","2025-11-03T02:10:06.231000","2025-11-03T02:10:06.231000","6906a8a756a390b09aaf81fb","so1ro.tanabe@gmail.com","false"
"The Sydney Morning Herald","ã‚ªãƒ¼ã‚¹ãƒˆãƒ©ãƒªã‚¢","ã‚·ãƒ‰ãƒ‹ãƒ¼","ã‚ªã‚»ã‚¢ãƒ‹ã‚¢","è‹±èª","ä¸­é“","è‡ªç”±å¸‚å ´","-33.8688","151.2093","ğŸ‡¦ğŸ‡º","ã‚ªãƒ¼ã‚¹ãƒˆãƒ©ãƒªã‚¢æœ€å¤ã®æ—¥åˆŠç´™","https://www.smh.com.au","69080efea1801249bbe1e8e2","2025-11-03T02:10:06.231000","2025-11-03T02:10:06.231000","6906a8a756a390b09aaf81fb","so1ro.tanabe@gmail.com","false"
"Mail & Guardian","å—ã‚¢ãƒ•ãƒªã‚«","ãƒ¨ãƒãƒã‚¹ãƒ–ãƒ«ã‚°","ã‚¢ãƒ•ãƒªã‚«","è‹±èª","ä¸­é“å·¦æ´¾","æ··åˆçµŒæ¸ˆ","-26.2041","28.0473","ğŸ‡¿ğŸ‡¦","å—ã‚¢ãƒ•ãƒªã‚«ã®èª¿æŸ»å ±é“ãƒ¡ãƒ‡ã‚£ã‚¢","https://mg.co.za","69080efea1801249bbe1e8e3","2025-11-03T02:10:06.231000","2025-11-03T02:10:06.231000","6906a8a756a390b09aaf81fb","so1ro.tanabe@gmail.com","false"
"Haaretz","ã‚¤ã‚¹ãƒ©ã‚¨ãƒ«","ãƒ†ãƒ«ã‚¢ãƒ“ãƒ–","ä¸­æ±","ãƒ˜ãƒ–ãƒ©ã‚¤èª","ä¸­é“å·¦æ´¾","æ··åˆçµŒæ¸ˆ","32.0853","34.7818","ğŸ‡®ğŸ‡±","ã‚¤ã‚¹ãƒ©ã‚¨ãƒ«ã®ãƒªãƒ™ãƒ©ãƒ«ç´™","https://www.haaretz.com","69080efea1801249bbe1e8e4","2025-11-03T02:10:06.231000","2025-11-03T02:10:06.231000","6906a8a756a390b09aaf81fb","so1ro.tanabe@gmail.com","false"
"The Globe and Mail","ã‚«ãƒŠãƒ€","ãƒˆãƒ­ãƒ³ãƒˆ","åŒ—ã‚¢ãƒ¡ãƒªã‚«","è‹±èª","ä¸­é“","æ··åˆçµŒæ¸ˆ","43.6532","-79.3832","ğŸ‡¨ğŸ‡¦","ã‚«ãƒŠãƒ€æœ€å¤§ã®å…¨å›½ç´™","https://www.theglobeandmail.com","69080efea1801249bbe1e8e5","2025-11-03T02:10:06.231000","2025-11-03T02:10:06.231000","6906a8a756a390b09aaf81fb","so1ro.tanabe@gmail.com","false"
"Asahi Shimbun","æ—¥æœ¬","æ±äº¬","ã‚¢ã‚¸ã‚¢","æ—¥æœ¬èª","ä¸­é“å·¦æ´¾","æ··åˆçµŒæ¸ˆ","35.6762","139.6503","ğŸ‡¯ğŸ‡µ","æ—¥æœ¬ã®ä¸‰å¤§å…¨å›½ç´™ã®ä¸€ã¤","https://www.asahi.com","69080efea1801249bbe1e8e6","2025-11-03T02:10:06.231000","2025-11-03T02:10:06.231000","6906a8a756a390b09aaf81fb","so1ro.tanabe@gmail.com","false"
"Der Spiegel","ãƒ‰ã‚¤ãƒ„","ãƒãƒ³ãƒ–ãƒ«ã‚¯","ãƒ¨ãƒ¼ãƒ­ãƒƒãƒ‘","ãƒ‰ã‚¤ãƒ„èª","ä¸­é“å·¦æ´¾","æ··åˆçµŒæ¸ˆ","53.5511","9.9937","ğŸ‡©ğŸ‡ª","ãƒ‰ã‚¤ãƒ„ã®é€±åˆŠèªŒ","https://www.spiegel.de","69080efea1801249bbe1e8e7","2025-11-03T02:10:06.231000","2025-11-03T02:10:06.231000","6906a8a756a390b09aaf81fb","so1ro.tanabe@gmail.com","false"
"La NaciÃ³n","ã‚¢ãƒ«ã‚¼ãƒ³ãƒãƒ³","ãƒ–ã‚¨ãƒã‚¹ã‚¢ã‚¤ãƒ¬ã‚¹","å—ã‚¢ãƒ¡ãƒªã‚«","ã‚¹ãƒšã‚¤ãƒ³èª","ä¸­é“å³æ´¾","è‡ªç”±å¸‚å ´","-34.6037","-58.3816","ğŸ‡¦ğŸ‡·","ã‚¢ãƒ«ã‚¼ãƒ³ãƒãƒ³ã®ä¿å®ˆç³»æ—¥åˆŠç´™","https://www.lanacion.com.ar","69080efea1801249bbe1e8e8","2025-11-03T02:10:06.231000","2025-11-03T02:10:06.231000","6906a8a756a390b09aaf81fb","so1ro.tanabe@gmail.com","false"
"Dawn","ãƒ‘ã‚­ã‚¹ã‚¿ãƒ³","ã‚«ãƒ©ãƒ","ã‚¢ã‚¸ã‚¢","è‹±èª","ä¸­é“","æ··åˆçµŒæ¸ˆ","24.8607","67.0011","ğŸ‡µğŸ‡°","ãƒ‘ã‚­ã‚¹ã‚¿ãƒ³æœ€å¤ã®è‹±å­—æ–°è","https://www.dawn.com","69080efea1801249bbe1e8e9","2025-11-03T02:10:06.231000","2025-11-03T02:10:06.231000","6906a8a756a390b09aaf81fb","so1ro.tanabe@gmail.com","false"
"Bangkok Post","ã‚¿ã‚¤","ãƒãƒ³ã‚³ã‚¯","ã‚¢ã‚¸ã‚¢","è‹±èª","ä¸­é“","æ··åˆçµŒæ¸ˆ","13.7563","100.5018","ğŸ‡¹ğŸ‡­","ã‚¿ã‚¤æœ€å¤§ã®è‹±å­—æ–°è","https://www.bangkokpost.com","69080efea1801249bbe1e8ea","2025-11-03T02:10:06.231000","2025-11-03T02:10:06.231000","6906a8a756a390b09aaf81fb","so1ro.tanabe@gmail.com","false"
"The Jakarta Post","ã‚¤ãƒ³ãƒ‰ãƒã‚·ã‚¢","ã‚¸ãƒ£ã‚«ãƒ«ã‚¿","ã‚¢ã‚¸ã‚¢","è‹±èª","ä¸­é“","æ··åˆçµŒæ¸ˆ","-6.2088","106.8456","ğŸ‡®ğŸ‡©","ã‚¤ãƒ³ãƒ‰ãƒã‚·ã‚¢ã®è‹±å­—æ—¥åˆŠç´™","https://www.thejakartapost.com","69080efea1801249bbe1e8eb","2025-11-03T02:10:06.231000","2025-11-03T02:10:06.231000","6906a8a756a390b09aaf81fb","so1ro.tanabe@gmail.com","false"
"El Universal","ãƒ¡ã‚­ã‚·ã‚³","ãƒ¡ã‚­ã‚·ã‚³ã‚·ãƒ†ã‚£","åŒ—ã‚¢ãƒ¡ãƒªã‚«","ã‚¹ãƒšã‚¤ãƒ³èª","ä¸­é“","æ··åˆçµŒæ¸ˆ","19.4326","-99.1332","ğŸ‡²ğŸ‡½","ãƒ¡ã‚­ã‚·ã‚³ã®ä¸»è¦æ—¥åˆŠç´™","https://www.eluniversal.com.mx","69080efea1801249bbe1e8ec","2025-11-03T02:10:06.231000","2025-11-03T02:10:06.231000","6906a8a756a390b09aaf81fb","so1ro.tanabe@gmail.com","false"
"The Straits Times","ã‚·ãƒ³ã‚¬ãƒãƒ¼ãƒ«","ã‚·ãƒ³ã‚¬ãƒãƒ¼ãƒ«","ã‚¢ã‚¸ã‚¢","è‹±èª","ä¸­é“","è‡ªç”±å¸‚å ´","1.3521","103.8198","ğŸ‡¸ğŸ‡¬","ã‚·ãƒ³ã‚¬ãƒãƒ¼ãƒ«æœ€å¤§ã®è‹±å­—æ–°è","https://www.straitstimes.com","69080efea1801249bbe1e8ed","2025-11-03T02:10:06.231000","2025-11-03T02:10:06.231000","6906a8a756a390b09aaf81fb","so1ro.tanabe@gmail.com","false"
"The Times of India","ã‚¤ãƒ³ãƒ‰","ãƒ ãƒ³ãƒã‚¤","ã‚¢ã‚¸ã‚¢","è‹±èª","ä¸­é“","è‡ªç”±å¸‚å ´","19.076","72.8777","ğŸ‡®ğŸ‡³","ã‚¤ãƒ³ãƒ‰æœ€å¤§ã®è‹±å­—æ—¥åˆŠç´™","https://timesofindia.indiatimes.com","69080efea1801249bbe1e8ee","2025-11-03T02:10:06.231000","2025-11-03T02:10:06.231000","6906a8a756a390b09aaf81fb","so1ro.tanabe@gmail.com","false"
"The Nation","ã‚¿ã‚¤","ãƒãƒ³ã‚³ã‚¯","ã‚¢ã‚¸ã‚¢","è‹±èª","ç‹¬ç«‹ç³»","æ··åˆçµŒæ¸ˆ","13.7563","100.5018","ğŸ‡¹ğŸ‡­","ã‚¿ã‚¤ã®ç‹¬ç«‹ç³»è‹±å­—ç´™","https://www.nationthailand.com","69080efea1801249bbe1e8ef","2025-11-03T02:10:06.231000","2025-11-03T02:10:06.231000","6906a8a756a390b09aaf81fb","so1ro.tanabe@gmail.com","false"
"Egyptian Gazette","ã‚¨ã‚¸ãƒ—ãƒˆ","ã‚«ã‚¤ãƒ­","ã‚¢ãƒ•ãƒªã‚«","è‹±èª","ä¸­é“","æ··åˆçµŒæ¸ˆ","30.0444","31.2357","ğŸ‡ªğŸ‡¬","ã‚¨ã‚¸ãƒ—ãƒˆã®è‹±å­—æ–°è","https://www.egypttoday.com","69080efea1801249bbe1e8f0","2025-11-03T02:10:06.231000","2025-11-03T02:10:06.231000","6906a8a756a390b09aaf81fb","so1ro.tanabe@gmail.com","false"
"The Star","ãƒãƒ¬ãƒ¼ã‚·ã‚¢","ã‚¯ã‚¢ãƒ©ãƒ«ãƒ³ãƒ—ãƒ¼ãƒ«","ã‚¢ã‚¸ã‚¢","è‹±èª","ä¸­é“","æ··åˆçµŒæ¸ˆ","3.139","101.6869","ğŸ‡²ğŸ‡¾","ãƒãƒ¬ãƒ¼ã‚·ã‚¢æœ€å¤§ã®è‹±å­—æ–°è","https://www.thestar.com.my","69080efea1801249bbe1e8f1","2025-11-03T02:10:06.231000","2025-11-03T02:10:06.231000","6906a8a756a390b09aaf81fb","so1ro.tanabe@gmail.com","false"
"Vanguard","ãƒŠã‚¤ã‚¸ã‚§ãƒªã‚¢","ãƒ©ã‚´ã‚¹","ã‚¢ãƒ•ãƒªã‚«","è‹±èª","ä¸­é“","æ··åˆçµŒæ¸ˆ","6.5244","3.3792","ğŸ‡³ğŸ‡¬","ãƒŠã‚¤ã‚¸ã‚§ãƒªã‚¢ã®ä¸»è¦æ—¥åˆŠç´™","https://www.vanguardngr.com","69080efea1801249bbe1e8f2","2025-11-03T02:10:06.231000","2025-11-03T02:10:06.231000","6906a8a756a390b09aaf81fb","so1ro.tanabe@gmail.com","false"
"New Zealand Herald","ãƒ‹ãƒ¥ãƒ¼ã‚¸ãƒ¼ãƒ©ãƒ³ãƒ‰","ã‚ªãƒ¼ã‚¯ãƒ©ãƒ³ãƒ‰","ã‚ªã‚»ã‚¢ãƒ‹ã‚¢","è‹±èª","ä¸­é“","æ··åˆçµŒæ¸ˆ","-36.8485","174.7633","ğŸ‡³ğŸ‡¿","ãƒ‹ãƒ¥ãƒ¼ã‚¸ãƒ¼ãƒ©ãƒ³ãƒ‰æœ€å¤§ã®æ—¥åˆŠç´™","https://www.nzherald.co.nz","69080efea1801249bbe1e8f3","2025-11-03T02:10:06.231000","2025-11-03T02:10:06.231000","6906a8a756a390b09aaf81fb","so1ro.tanabe@gmail.com","false"
"The Standard","ã‚±ãƒ‹ã‚¢","ãƒŠã‚¤ãƒ­ãƒ“","ã‚¢ãƒ•ãƒªã‚«","è‹±èª","ä¸­é“","æ··åˆçµŒæ¸ˆ","-1.286389","36.817223","ğŸ‡°ğŸ‡ª","ã‚±ãƒ‹ã‚¢ã®ä¸»è¦æ—¥åˆŠç´™","https://www.standardmedia.co.ke","69080efea1801249bbe1e8f4","2025-11-03T02:10:06.231000","2025-11-03T02:10:06.231000","6906a8a756a390b09aaf81fb","so1ro.tanabe@gmail.com","false"
"Correio Braziliense","ãƒ–ãƒ©ã‚¸ãƒ«","ãƒ–ãƒ©ã‚¸ãƒªã‚¢","å—ã‚¢ãƒ¡ãƒªã‚«","ãƒãƒ«ãƒˆã‚¬ãƒ«èª","ä¸­é“","æ··åˆçµŒæ¸ˆ","-15.7975","-47.8919","ğŸ‡§ğŸ‡·","ãƒ–ãƒ©ã‚¸ãƒªã‚¢ã®ä¸»è¦æ—¥åˆŠç´™","https://www.correiobraziliense.com.br","69080efea1801249bbe1e8f5","2025-11-03T02:10:06.231000","2025-11-03T02:10:06.231000","6906a8a756a390b09aaf81fb","so1ro.tanabe@gmail.com","false"
"La RepÃºblica","ãƒšãƒ«ãƒ¼","ãƒªãƒ","å—ã‚¢ãƒ¡ãƒªã‚«","ã‚¹ãƒšã‚¤ãƒ³èª","ä¸­é“å·¦æ´¾","æ··åˆçµŒæ¸ˆ","-12.0464","-77.0428","ğŸ‡µğŸ‡ª","ãƒšãƒ«ãƒ¼ã®ä¸»è¦æ—¥åˆŠç´™","https://larepublica.pe","69080efea1801249bbe1e8f6","2025-11-03T02:10:06.231000","2025-11-03T02:10:06.231000","6906a8a756a390b09aaf81fb","so1ro.tanabe@gmail.com","false"
"The Philippine Star","ãƒ•ã‚£ãƒªãƒ”ãƒ³","ãƒãƒ‹ãƒ©","ã‚¢ã‚¸ã‚¢","è‹±èª","ä¸­é“","æ··åˆçµŒæ¸ˆ","14.5995","120.9842","ğŸ‡µğŸ‡­","ãƒ•ã‚£ãƒªãƒ”ãƒ³ã®ä¸»è¦è‹±å­—ç´™","https://www.philstar.com","69080efea1801249bbe1e8f7","2025-11-03T02:10:06.232000","2025-11-03T02:10:06.232000","6906a8a756a390b09aaf81fb","so1ro.tanabe@gmail.com","false"
"Jordan Times","ãƒ¨ãƒ«ãƒ€ãƒ³","ã‚¢ãƒ³ãƒãƒ³","ä¸­æ±","è‹±èª","ä¸­é“","æ··åˆçµŒæ¸ˆ","31.9454","35.9284","ğŸ‡¯ğŸ‡´","ãƒ¨ãƒ«ãƒ€ãƒ³ã®è‹±å­—æ—¥åˆŠç´™","https://www.jordantimes.com","69080efea1801249bbe1e8f8","2025-11-03T02:10:06.232000","2025-11-03T02:10:06.232000","6906a8a756a390b09aaf81fb","so1ro.tanabe@gmail.com","false"
"Khaleej Times","UAE","ãƒ‰ãƒã‚¤","ä¸­æ±","è‹±èª","ä¸­é“","è‡ªç”±å¸‚å ´","25.2048","55.2708","ğŸ‡¦ğŸ‡ª","UAEã®è‹±å­—æ—¥åˆŠç´™","https://www.khaleejtimes.com","69080efea1801249bbe1e8f9","2025-11-03T02:10:06.232000","2025-11-03T02:10:06.232000","6906a8a756a390b09aaf81fb","so1ro.tanabe@gmail.com","false"
"The Express Tribune","ãƒ‘ã‚­ã‚¹ã‚¿ãƒ³","ã‚«ãƒ©ãƒ","ã‚¢ã‚¸ã‚¢","è‹±èª","ä¸­é“","æ··åˆçµŒæ¸ˆ","24.8607","67.0011","ğŸ‡µğŸ‡°","ãƒ‘ã‚­ã‚¹ã‚¿ãƒ³ã®ä¸»è¦è‹±å­—ç´™","https://tribune.com.pk","69080efea1801249bbe1e8fa","2025-11-03T02:10:06.232000","2025-11-03T02:10:06.232000","6906a8a756a390b09aaf81fb","so1ro.tanabe@gmail.com","false"
"Dhaka Tribune","ãƒãƒ³ã‚°ãƒ©ãƒ‡ã‚·ãƒ¥","ãƒ€ãƒƒã‚«","ã‚¢ã‚¸ã‚¢","è‹±èª","ä¸­é“","æ··åˆçµŒæ¸ˆ","23.8103","90.4125","ğŸ‡§ğŸ‡©","ãƒãƒ³ã‚°ãƒ©ãƒ‡ã‚·ãƒ¥ã®è‹±å­—æ—¥åˆŠç´™","https://www.dhakatribune.com","69080efea1801249bbe1e8fb","2025-11-03T02:10:06.232000","2025-11-03T02:10:06.232000","6906a8a756a390b09aaf81fb","so1ro.tanabe@gmail.com","false"
"The Kathmandu Post","ãƒãƒ‘ãƒ¼ãƒ«","ã‚«ãƒˆãƒãƒ³ã‚º","ã‚¢ã‚¸ã‚¢","è‹±èª","ä¸­é“","æ··åˆçµŒæ¸ˆ","27.7172","85.324","ğŸ‡³ğŸ‡µ","ãƒãƒ‘ãƒ¼ãƒ«ã®è‹±å­—æ—¥åˆŠç´™","https://kathmandupost.com","69080efea1801249bbe1e8fc","2025-11-03T02:10:06.232000","2025-11-03T02:10:06.232000","6906a8a756a390b09aaf81fb","so1ro.tanabe@gmail.com","false"
"Daily Star","ãƒ¬ãƒãƒãƒ³","ãƒ™ã‚¤ãƒ«ãƒ¼ãƒˆ","ä¸­æ±","è‹±èª","ç‹¬ç«‹ç³»","æ··åˆçµŒæ¸ˆ","33.8886","35.4955","ğŸ‡±ğŸ‡§","ãƒ¬ãƒãƒãƒ³ã®è‹±å­—æ—¥åˆŠç´™","https://www.dailystar.com.lb","69080efea1801249bbe1e8fd","2025-11-03T02:10:06.232000","2025-11-03T02:10:06.232000","6906a8a756a390b09aaf81fb","so1ro.tanabe@gmail.com","false"
"Vietnam News","ãƒ™ãƒˆãƒŠãƒ ","ãƒãƒã‚¤","ã‚¢ã‚¸ã‚¢","è‹±èª","ä¸­é“","ç¤¾ä¼šä¸»ç¾©çš„","21.0285","105.8542","ğŸ‡»ğŸ‡³","ãƒ™ãƒˆãƒŠãƒ ã®è‹±å­—æ—¥åˆŠç´™","https://vietnamnews.vn","69080efea1801249bbe1e8fe","2025-11-03T02:10:06.232000","2025-11-03T02:10:06.232000","6906a8a756a390b09aaf81fb","so1ro.tanabe@gmail.com","false"
"Korea Herald","éŸ“å›½","ã‚½ã‚¦ãƒ«","ã‚¢ã‚¸ã‚¢","è‹±èª","ä¸­é“","æ··åˆçµŒæ¸ˆ","37.5665","126.978","ğŸ‡°ğŸ‡·","éŸ“å›½ã®è‹±å­—æ—¥åˆŠç´™","https://www.koreaherald.com","69080efea1801249bbe1e8ff","2025-11-03T02:10:06.232000","2025-11-03T02:10:06.232000","6906a8a756a390b09aaf81fb","so1ro.tanabe@gmail.com","false"
"Taipei Times","å°æ¹¾","å°åŒ—","ã‚¢ã‚¸ã‚¢","è‹±èª","ç‹¬ç«‹ç³»","è‡ªç”±å¸‚å ´","25.033","121.5654","ğŸ‡¹ğŸ‡¼","å°æ¹¾ã®è‹±å­—æ—¥åˆŠç´™","https://www.taipeitimes.com","69080efea1801249bbe1e900","2025-11-03T02:10:06.232000","2025-11-03T02:10:06.232000","6906a8a756a390b09aaf81fb","so1ro.tanabe@gmail.com","false"
"The Moscow Times","ãƒ­ã‚·ã‚¢","ãƒ¢ã‚¹ã‚¯ãƒ¯","ãƒ¨ãƒ¼ãƒ­ãƒƒãƒ‘","è‹±èª","ç‹¬ç«‹ç³»","æ··åˆçµŒæ¸ˆ","55.7558","37.6173","ğŸ‡·ğŸ‡º","ãƒ­ã‚·ã‚¢ã®ç‹¬ç«‹ç³»è‹±å­—ç´™","https://www.themoscowtimes.com","69080efea1801249bbe1e901","2025-11-03T02:10:06.232000","2025-11-03T02:10:06.232000","6906a8a756a390b09aaf81fb","so1ro.tanabe@gmail.com","false"
"Gazeta Wyborcza","ãƒãƒ¼ãƒ©ãƒ³ãƒ‰","ãƒ¯ãƒ«ã‚·ãƒ£ãƒ¯","ãƒ¨ãƒ¼ãƒ­ãƒƒãƒ‘","ãƒãƒ¼ãƒ©ãƒ³ãƒ‰èª","ä¸­é“å·¦æ´¾","æ··åˆçµŒæ¸ˆ","52.2297","21.0122","ğŸ‡µğŸ‡±","ãƒãƒ¼ãƒ©ãƒ³ãƒ‰ã®ãƒªãƒ™ãƒ©ãƒ«ç´™","https://wyborcza.pl","69080efea1801249bbe1e902","2025-11-03T02:10:06.232000","2025-11-03T02:10:06.232000","6906a8a756a390b09aaf81fb","so1ro.tanabe@gmail.com","false"
"PÃºblico","ãƒãƒ«ãƒˆã‚¬ãƒ«","ãƒªã‚¹ãƒœãƒ³","ãƒ¨ãƒ¼ãƒ­ãƒƒãƒ‘","ãƒãƒ«ãƒˆã‚¬ãƒ«èª","ä¸­é“å·¦æ´¾","æ··åˆçµŒæ¸ˆ","38.7223","-9.1393","ğŸ‡µğŸ‡¹","ãƒãƒ«ãƒˆã‚¬ãƒ«ã®ãƒªãƒ™ãƒ©ãƒ«ç´™","https://www.publico.pt","69080efea1801249bbe1e903","2025-11-03T02:10:06.232000","2025-11-03T02:10:06.232000","6906a8a756a390b09aaf81fb","so1ro.tanabe@gmail.com","false"
"De Standaard","ãƒ™ãƒ«ã‚®ãƒ¼","ãƒ–ãƒªãƒ¥ãƒƒã‚»ãƒ«","ãƒ¨ãƒ¼ãƒ­ãƒƒãƒ‘","ã‚ªãƒ©ãƒ³ãƒ€èª","ä¸­é“","æ··åˆçµŒæ¸ˆ","50.8503","4.3517","ğŸ‡§ğŸ‡ª","ãƒ™ãƒ«ã‚®ãƒ¼ã®ä¸»è¦æ—¥åˆŠç´™","https://www.standaard.be","69080efea1801249bbe1e904","2025-11-03T02:10:06.232000","2025-11-03T02:10:06.232000","6906a8a756a390b09aaf81fb","so1ro.tanabe@gmail.com","false"
"Svenska Dagbladet","ã‚¹ã‚¦ã‚§ãƒ¼ãƒ‡ãƒ³","ã‚¹ãƒˆãƒƒã‚¯ãƒ›ãƒ«ãƒ ","ãƒ¨ãƒ¼ãƒ­ãƒƒãƒ‘","ã‚¹ã‚¦ã‚§ãƒ¼ãƒ‡ãƒ³èª","ä¸­é“å³æ´¾","æ··åˆçµŒæ¸ˆ","59.3293","18.0686","ğŸ‡¸ğŸ‡ª","ã‚¹ã‚¦ã‚§ãƒ¼ãƒ‡ãƒ³ã®ä¿å®ˆç³»æ—¥åˆŠç´™","https://www.svd.se","69080efea1801249bbe1e905","2025-11-03T02:10:06.232000","2025-11-03T02:10:06.232000","6906a8a756a390b09aaf81fb","so1ro.tanabe@gmail.com","false"
"Berlingske","ãƒ‡ãƒ³ãƒãƒ¼ã‚¯","ã‚³ãƒšãƒ³ãƒãƒ¼ã‚²ãƒ³","ãƒ¨ãƒ¼ãƒ­ãƒƒãƒ‘","ãƒ‡ãƒ³ãƒãƒ¼ã‚¯èª","ä¸­é“å³æ´¾","è‡ªç”±å¸‚å ´","55.6761","12.5683","ğŸ‡©ğŸ‡°","ãƒ‡ãƒ³ãƒãƒ¼ã‚¯æœ€å¤ã®æ—¥åˆŠç´™","https://www.berlingske.dk","69080efea1801249bbe1e906","2025-11-03T02:10:06.232000","2025-11-03T02:10:06.232000","6906a8a756a390b09aaf81fb","so1ro.tanabe@gmail.com","false"
"Aftenposten","ãƒãƒ«ã‚¦ã‚§ãƒ¼","ã‚ªã‚¹ãƒ­","ãƒ¨ãƒ¼ãƒ­ãƒƒãƒ‘","ãƒãƒ«ã‚¦ã‚§ãƒ¼èª","ä¸­é“","æ··åˆçµŒæ¸ˆ","59.9139","10.7522","ğŸ‡³ğŸ‡´","ãƒãƒ«ã‚¦ã‚§ãƒ¼æœ€å¤§ã®æ—¥åˆŠç´™","https://www.aftenposten.no","69080efea1801249bbe1e907","2025-11-03T02:10:06.232000","2025-11-03T02:10:06.232000","6906a8a756a390b09aaf81fb","so1ro.tanabe@gmail.com","false"
"Helsingin Sanomat","ãƒ•ã‚£ãƒ³ãƒ©ãƒ³ãƒ‰","ãƒ˜ãƒ«ã‚·ãƒ³ã‚­","ãƒ¨ãƒ¼ãƒ­ãƒƒãƒ‘","ãƒ•ã‚£ãƒ³ãƒ©ãƒ³ãƒ‰èª","ä¸­é“","æ··åˆçµŒæ¸ˆ","60.1699","24.9384","ğŸ‡«ğŸ‡®","ãƒ•ã‚£ãƒ³ãƒ©ãƒ³ãƒ‰æœ€å¤§ã®æ—¥åˆŠç´™","https://www.hs.fi","69080efea1801249bbe1e908","2025-11-03T02:10:06.232000","2025-11-03T02:10:06.232000","6906a8a756a390b09aaf81fb","so1ro.tanabe@gmail.com","false"
"Irish Times","ã‚¢ã‚¤ãƒ«ãƒ©ãƒ³ãƒ‰","ãƒ€ãƒ–ãƒªãƒ³","ãƒ¨ãƒ¼ãƒ­ãƒƒãƒ‘","è‹±èª","ä¸­é“","æ··åˆçµŒæ¸ˆ","53.3498","-6.2603","ğŸ‡®ğŸ‡ª","ã‚¢ã‚¤ãƒ«ãƒ©ãƒ³ãƒ‰ã®ä¸»è¦æ—¥åˆŠç´™","https://www.irishtimes.com","69080efea1801249bbe1e909","2025-11-03T02:10:06.232000","2025-11-03T02:10:06.232000","6906a8a756a390b09aaf81fb","so1ro.tanabe@gmail.com","false"
"El Tiempo","ã‚³ãƒ­ãƒ³ãƒ“ã‚¢","ãƒœã‚´ã‚¿","å—ã‚¢ãƒ¡ãƒªã‚«","ã‚¹ãƒšã‚¤ãƒ³èª","ä¸­é“","æ··åˆçµŒæ¸ˆ","4.711","-74.0721","ğŸ‡¨ğŸ‡´","ã‚³ãƒ­ãƒ³ãƒ“ã‚¢æœ€å¤§ã®æ—¥åˆŠç´™","https://www.eltiempo.com","69080efea1801249bbe1e90a","2025-11-03T02:10:06.232000","2025-11-03T02:10:06.232000","6906a8a756a390b09aaf81fb","so1ro.tanabe@gmail.com","false"
"El Comercio","ã‚¨ã‚¯ã‚¢ãƒ‰ãƒ«","ã‚­ãƒˆ","å—ã‚¢ãƒ¡ãƒªã‚«","ã‚¹ãƒšã‚¤ãƒ³èª","ä¸­é“å³æ´¾","è‡ªç”±å¸‚å ´","-0.1807","-78.4678","ğŸ‡ªğŸ‡¨","ã‚¨ã‚¯ã‚¢ãƒ‰ãƒ«ã®ä¸»è¦æ—¥åˆŠç´™","https://www.elcomercio.com","69080efea1801249bbe1e90b","2025-11-03T02:10:06.232000","2025-11-03T02:10:06.232000","6906a8a756a390b09aaf81fb","so1ro.tanabe@gmail.com","false"
"La Tercera","ãƒãƒª","ã‚µãƒ³ãƒ†ã‚£ã‚¢ã‚´","å—ã‚¢ãƒ¡ãƒªã‚«","ã‚¹ãƒšã‚¤ãƒ³èª","ä¸­é“å³æ´¾","è‡ªç”±å¸‚å ´","-33.4489","-70.6693","ğŸ‡¨ğŸ‡±","ãƒãƒªã®ä¸»è¦æ—¥åˆŠç´™","https://www.latercera.com","69080efea1801249bbe1e90c","2025-11-03T02:10:06.232000","2025-11-03T02:10:06.232000","6906a8a756a390b09aaf81fb","so1ro.tanabe@gmail.com","false"
"El Deber","ãƒœãƒªãƒ“ã‚¢","ã‚µãƒ³ã‚¿ã‚¯ãƒ«ã‚¹","å—ã‚¢ãƒ¡ãƒªã‚«","ã‚¹ãƒšã‚¤ãƒ³èª","ä¸­é“å³æ´¾","è‡ªç”±å¸‚å ´","-17.7833","-63.1821","ğŸ‡§ğŸ‡´","ãƒœãƒªãƒ“ã‚¢ã®ä¸»è¦æ—¥åˆŠç´™","https://eldeber.com.bo","69080efea1801249bbe1e90d","2025-11-03T02:10:06.232000","2025-11-03T02:10:06.232000","6906a8a756a390b09aaf81fb","so1ro.tanabe@gmail.com","false"
"El Nacional","ãƒ™ãƒã‚ºã‚¨ãƒ©","ã‚«ãƒ©ã‚«ã‚¹","å—ã‚¢ãƒ¡ãƒªã‚«","ã‚¹ãƒšã‚¤ãƒ³èª","ç‹¬ç«‹ç³»","æ··åˆçµŒæ¸ˆ","10.4806","-66.9036","ğŸ‡»ğŸ‡ª","ãƒ™ãƒã‚ºã‚¨ãƒ©ã®ç‹¬ç«‹ç³»æ—¥åˆŠç´™","https://www.elnacional.com","69080efea1801249bbe1e90e","2025-11-03T02:10:06.232000","2025-11-03T02:10:06.232000","6906a8a756a390b09aaf81fb","so1ro.tanabe@gmail.com","false"
"ABC Color","ãƒ‘ãƒ©ã‚°ã‚¢ã‚¤","ã‚¢ã‚¹ãƒ³ã‚·ã‚ªãƒ³","å—ã‚¢ãƒ¡ãƒªã‚«","ã‚¹ãƒšã‚¤ãƒ³èª","ä¸­é“å³æ´¾","è‡ªç”±å¸‚å ´","-25.2637","-57.5759","ğŸ‡µğŸ‡¾","ãƒ‘ãƒ©ã‚°ã‚¢ã‚¤æœ€å¤§ã®æ—¥åˆŠç´™","https://www.abc.com.py","69080efea1801249bbe1e90f","2025-11-03T02:10:06.232000","2025-11-03T02:10:06.232000","6906a8a756a390b09aaf81fb","so1ro.tanabe@gmail.com","false"
"El PaÃ­s","ã‚¦ãƒ«ã‚°ã‚¢ã‚¤","ãƒ¢ãƒ³ãƒ†ãƒ“ãƒ‡ã‚ª","å—ã‚¢ãƒ¡ãƒªã‚«","ã‚¹ãƒšã‚¤ãƒ³èª","ä¸­é“","æ··åˆçµŒæ¸ˆ","-34.9011","-56.1645","ğŸ‡ºğŸ‡¾","ã‚¦ãƒ«ã‚°ã‚¢ã‚¤ã®ä¸»è¦æ—¥åˆŠç´™","https://www.elpais.com.uy","69080efea1801249bbe1e910","2025-11-03T02:10:06.232000","2025-11-03T02:10:06.232000","6906a8a756a390b09aaf81fb","so1ro.tanabe@gmail.com","false"
"Business Day","å—ã‚¢ãƒ•ãƒªã‚«","ãƒ¨ãƒãƒã‚¹ãƒ–ãƒ«ã‚°","ã‚¢ãƒ•ãƒªã‚«","è‹±èª","ä¸­é“","è‡ªç”±å¸‚å ´","-26.2041","28.0473","ğŸ‡¿ğŸ‡¦","å—ã‚¢ãƒ•ãƒªã‚«ã®çµŒæ¸ˆç´™","https://www.businesslive.co.za","69080efea1801249bbe1e911","2025-11-03T02:10:06.232000","2025-11-03T02:10:06.232000","6906a8a756a390b09aaf81fb","so1ro.tanabe@gmail.com","false"
"The Citizen","ã‚¿ãƒ³ã‚¶ãƒ‹ã‚¢","ãƒ€ãƒ«ã‚¨ã‚¹ã‚µãƒ©ãƒ¼ãƒ ","ã‚¢ãƒ•ãƒªã‚«","è‹±èª","ä¸­é“","æ··åˆçµŒæ¸ˆ","-6.7924","39.2083","ğŸ‡¹ğŸ‡¿","ã‚¿ãƒ³ã‚¶ãƒ‹ã‚¢ã®è‹±å­—æ—¥åˆŠç´™","https://www.thecitizen.co.tz","69080efea1801249bbe1e912","2025-11-03T02:10:06.232000","2025-11-03T02:10:06.232000","6906a8a756a390b09aaf81fb","so1ro.tanabe@gmail.com","false"
"New Vision","ã‚¦ã‚¬ãƒ³ãƒ€","ã‚«ãƒ³ãƒ‘ãƒ©","ã‚¢ãƒ•ãƒªã‚«","è‹±èª","ä¸­é“","æ··åˆçµŒæ¸ˆ","0.3476","32.5825","ğŸ‡ºğŸ‡¬","ã‚¦ã‚¬ãƒ³ãƒ€ã®ä¸»è¦æ—¥åˆŠç´™","https://www.newvision.co.ug","69080efea1801249bbe1e913","2025-11-03T02:10:06.232000","2025-11-03T02:10:06.232000","6906a8a756a390b09aaf81fb","so1ro.tanabe@gmail.com","false"
"The Monitor","ã‚¦ã‚¬ãƒ³ãƒ€","ã‚«ãƒ³ãƒ‘ãƒ©","ã‚¢ãƒ•ãƒªã‚«","è‹±èª","ç‹¬ç«‹ç³»","æ··åˆçµŒæ¸ˆ","0.3476","32.5825","ğŸ‡ºğŸ‡¬","ã‚¦ã‚¬ãƒ³ãƒ€ã®ç‹¬ç«‹ç³»æ—¥åˆŠç´™","https://www.monitor.co.ug","69080efea1801249bbe1e914","2025-11-03T02:10:06.232000","2025-11-03T02:10:06.232000","6906a8a756a390b09aaf81fb","so1ro.tanabe@gmail.com","false"
"The East African","ã‚±ãƒ‹ã‚¢","ãƒŠã‚¤ãƒ­ãƒ“","ã‚¢ãƒ•ãƒªã‚«","è‹±èª","ä¸­é“","æ··åˆçµŒæ¸ˆ","-1.286389","36.817223","ğŸ‡°ğŸ‡ª","æ±ã‚¢ãƒ•ãƒªã‚«ã®é€±åˆŠç´™","https://www.theeastafrican.co.ke","69080efea1801249bbe1e915","2025-11-03T02:10:06.232000","2025-11-03T02:10:06.232000","6906a8a756a390b09aaf81fb","so1ro.tanabe@gmail.com","false"
"The Times of Zambia","ã‚¶ãƒ³ãƒ“ã‚¢","ãƒ«ã‚µã‚«","ã‚¢ãƒ•ãƒªã‚«","è‹±èª","ä¸­é“","æ··åˆçµŒæ¸ˆ","-15.4167","28.2833","ğŸ‡¿ğŸ‡²","ã‚¶ãƒ³ãƒ“ã‚¢ã®ä¸»è¦æ—¥åˆŠç´™","https://www.times.co.zm","69080efea1801249bbe1e916","2025-11-03T02:10:06.232000","2025-11-03T02:10:06.232000","6906a8a756a390b09aaf81fb","so1ro.tanabe@gmail.com","false"
"The Herald","ã‚¸ãƒ³ãƒãƒ–ã‚¨","ãƒãƒ©ãƒ¬","ã‚¢ãƒ•ãƒªã‚«","è‹±èª","ä¸­é“","æ··åˆçµŒæ¸ˆ","-17.8252","31.0335","ğŸ‡¿ğŸ‡¼","ã‚¸ãƒ³ãƒãƒ–ã‚¨ã®ä¸»è¦æ—¥åˆŠç´™","https://www.herald.co.zw","69080efea1801249bbe1e917","2025-11-03T02:10:06.232000","2025-11-03T02:10:06.232000","6906a8a756a390b09aaf81fb","so1ro.tanabe@gmail.com","false"
"L'Observateur","ã‚»ãƒã‚¬ãƒ«","ãƒ€ã‚«ãƒ¼ãƒ«","ã‚¢ãƒ•ãƒªã‚«","ãƒ•ãƒ©ãƒ³ã‚¹èª","ç‹¬ç«‹ç³»","æ··åˆçµŒæ¸ˆ","14.7167","-17.4677","ğŸ‡¸ğŸ‡³","ã‚»ãƒã‚¬ãƒ«ã®ç‹¬ç«‹ç³»é€±åˆŠç´™","https://www.lobservateur.sn","69080efea1801249bbe1e918","2025-11-03T02:10:06.232000","2025-11-03T02:10:06.232000","6906a8a756a390b09aaf81fb","so1ro.tanabe@gmail.com","false"
"Jeune Afrique","ãƒ•ãƒ©ãƒ³ã‚¹","ãƒ‘ãƒª","ãƒ¨ãƒ¼ãƒ­ãƒƒãƒ‘","ãƒ•ãƒ©ãƒ³ã‚¹èª","ä¸­é“","æ··åˆçµŒæ¸ˆ","48.8566","2.3522","ğŸ‡«ğŸ‡·","ã‚¢ãƒ•ãƒªã‚«ã«ç„¦ç‚¹ã‚’å½“ã¦ãŸé€±åˆŠèªŒ","https://www.jeuneafrique.com","69080efea1801249bbe1e919","2025-11-03T02:10:06.232000","2025-11-03T02:10:06.232000","6906a8a756a390b09aaf81fb","so1ro.tanabe@gmail.com","false"
"Al-Ahram","ã‚¨ã‚¸ãƒ—ãƒˆ","ã‚«ã‚¤ãƒ­","ã‚¢ãƒ•ãƒªã‚«","ã‚¢ãƒ©ãƒ“ã‚¢èª","ä¸­é“","æ··åˆçµŒæ¸ˆ","30.0444","31.2357","ğŸ‡ªğŸ‡¬","ã‚¨ã‚¸ãƒ—ãƒˆæœ€å¤ã®æ—¥åˆŠç´™","https://www.ahram.org.eg","69080efea1801249bbe1e91a","2025-11-03T02:10:06.232000","2025-11-03T02:10:06.232000","6906a8a756a390b09aaf81fb","so1ro.tanabe@gmail.com","false"
"Morocco World News","ãƒ¢ãƒ­ãƒƒã‚³","ãƒ©ãƒãƒˆ","ã‚¢ãƒ•ãƒªã‚«","è‹±èª","ä¸­é“","æ··åˆçµŒæ¸ˆ","34.0209","-6.8416","ğŸ‡²ğŸ‡¦","ãƒ¢ãƒ­ãƒƒã‚³ã®è‹±å­—ã‚ªãƒ³ãƒ©ã‚¤ãƒ³ãƒ¡ãƒ‡ã‚£ã‚¢","https://www.moroccoworldnews.com","69080efea1801249bbe1e91b","2025-11-03T02:10:06.232000","2025-11-03T02:10:06.232000","6906a8a756a390b09aaf81fb","so1ro.tanabe@gmail.com","false"
"Tunisia Live","ãƒãƒ¥ãƒ‹ã‚¸ã‚¢","ãƒãƒ¥ãƒ‹ã‚¹","ã‚¢ãƒ•ãƒªã‚«","è‹±èª","ç‹¬ç«‹ç³»","æ··åˆçµŒæ¸ˆ","36.8065","10.1815","ğŸ‡¹ğŸ‡³","ãƒãƒ¥ãƒ‹ã‚¸ã‚¢ã®è‹±å­—ã‚ªãƒ³ãƒ©ã‚¤ãƒ³ãƒ¡ãƒ‡ã‚£ã‚¢","https://www.tunisia-live.net","69080efea1801249bbe1e91c","2025-11-03T02:10:06.232000","2025-11-03T02:10:06.232000","6906a8a756a390b09aaf81fb","so1ro.tanabe@gmail.com","false"
"Libya Herald","ãƒªãƒ“ã‚¢","ãƒˆãƒªãƒãƒª","ã‚¢ãƒ•ãƒªã‚«","è‹±èª","ç‹¬ç«‹ç³»","ä¸æ˜","32.8872","13.1913","ğŸ‡±ğŸ‡¾","ãƒªãƒ“ã‚¢ã®è‹±å­—ã‚ªãƒ³ãƒ©ã‚¤ãƒ³ãƒ¡ãƒ‡ã‚£ã‚¢","https://www.libyaherald.com","69080efea1801249bbe1e91d","2025-11-03T02:10:06.232000","2025-11-03T02:10:06.232000","6906a8a756a390b09aaf81fb","so1ro.tanabe@gmail.com","false"
"Sudan Tribune","ã‚¹ãƒ¼ãƒ€ãƒ³","ãƒãƒ«ãƒ„ãƒ¼ãƒ ","ã‚¢ãƒ•ãƒªã‚«","è‹±èª","ç‹¬ç«‹ç³»","æ··åˆçµŒæ¸ˆ","15.5007","32.5599","ğŸ‡¸ğŸ‡©","ã‚¹ãƒ¼ãƒ€ãƒ³ã®ç‹¬ç«‹ç³»è‹±å­—ãƒ¡ãƒ‡ã‚£ã‚¢","https://www.sudantribune.com","69080efea1801249bbe1e91e","2025-11-03T02:10:06.232000","2025-11-03T02:10:06.232000","6906a8a756a390b09aaf81fb","so1ro.tanabe@gmail.com","false"
"Ethiopian Herald","ã‚¨ãƒã‚ªãƒ”ã‚¢","ã‚¢ãƒ‡ã‚£ã‚¹ã‚¢ãƒ™ãƒ","ã‚¢ãƒ•ãƒªã‚«","è‹±èª","ä¸­é“","æ··åˆçµŒæ¸ˆ","9.032","38.7469","ğŸ‡ªğŸ‡¹","ã‚¨ãƒã‚ªãƒ”ã‚¢ã®è‹±å­—æ—¥åˆŠç´™","https://www.press.et/english","69080efea1801249bbe1e91f","2025-11-03T02:10:06.232000","2025-11-03T02:10:06.232000","6906a8a756a390b09aaf81fb","so1ro.tanabe@gmail.com","false"
"The Reporter","ã‚¨ãƒã‚ªãƒ”ã‚¢","ã‚¢ãƒ‡ã‚£ã‚¹ã‚¢ãƒ™ãƒ","ã‚¢ãƒ•ãƒªã‚«","è‹±èª","ç‹¬ç«‹ç³»","æ··åˆçµŒæ¸ˆ","9.032","38.7469","ğŸ‡ªğŸ‡¹","ã‚¨ãƒã‚ªãƒ”ã‚¢ã®ç‹¬ç«‹ç³»é€±åˆŠç´™","https://www.thereporterethiopia.com","69080efea1801249bbe1e920","2025-11-03T02:10:06.232000","2025-11-03T02:10:06.232000","6906a8a756a390b09aaf81fb","so1ro.tanabe@gmail.com","false"
"Ghanaian Times","ã‚¬ãƒ¼ãƒŠ","ã‚¢ã‚¯ãƒ©","ã‚¢ãƒ•ãƒªã‚«","è‹±èª","ä¸­é“","æ··åˆçµŒæ¸ˆ","5.6037","-0.187","ğŸ‡¬ğŸ‡­","ã‚¬ãƒ¼ãƒŠã®ä¸»è¦æ—¥åˆŠç´™","https://www.ghanaiantimes.com.gh","69080efea1801249bbe1e921","2025-11-03T02:10:06.232000","2025-11-03T02:10:06.232000","6906a8a756a390b09aaf81fb","so1ro.tanabe@gmail.com","false"
"Daily Graphic","ã‚¬ãƒ¼ãƒŠ","ã‚¢ã‚¯ãƒ©","ã‚¢ãƒ•ãƒªã‚«","è‹±èª","ä¸­é“","æ··åˆçµŒæ¸ˆ","5.6037","-0.187","ğŸ‡¬ğŸ‡­","ã‚¬ãƒ¼ãƒŠæœ€å¤ã®æ—¥åˆŠç´™","https://www.graphic.com.gh","69080efea1801249bbe1e922","2025-11-03T02:10:06.232000","2025-11-03T02:10:06.232000","6906a8a756a390b09aaf81fb","so1ro.tanabe@gmail.com","false"
"The Guardian","ãƒŠã‚¤ã‚¸ã‚§ãƒªã‚¢","ãƒ©ã‚´ã‚¹","ã‚¢ãƒ•ãƒªã‚«","è‹±èª","ä¸­é“","æ··åˆçµŒæ¸ˆ","6.5244","3.3792","ğŸ‡³ğŸ‡¬","ãƒŠã‚¤ã‚¸ã‚§ãƒªã‚¢ã®ä¸»è¦æ—¥åˆŠç´™","https://guardian.ng","69080efea1801249bbe1e923","2025-11-03T02:10:06.232000","2025-11-03T02:10:06.232000","6906a8a756a390b09aaf81fb","so1ro.tanabe@gmail.com","false"
"This Day","ãƒŠã‚¤ã‚¸ã‚§ãƒªã‚¢","ãƒ©ã‚´ã‚¹","ã‚¢ãƒ•ãƒªã‚«","è‹±èª","ä¸­é“","æ··åˆçµŒæ¸ˆ","6.5244","3.3792","ğŸ‡³ğŸ‡¬","ãƒŠã‚¤ã‚¸ã‚§ãƒªã‚¢ã®æ—¥åˆŠç´™","https://www.thisdaylive.com","69080efea1801249bbe1e924","2025-11-03T02:10:06.232000","2025-11-03T02:10:06.232000","6906a8a756a390b09aaf81fb","so1ro.tanabe@gmail.com","false"
"Punch","ãƒŠã‚¤ã‚¸ã‚§ãƒªã‚¢","ãƒ©ã‚´ã‚¹","ã‚¢ãƒ•ãƒªã‚«","è‹±èª","ç‹¬ç«‹ç³»","æ··åˆçµŒæ¸ˆ","6.5244","3.3792","ğŸ‡³ğŸ‡¬","ãƒŠã‚¤ã‚¸ã‚§ãƒªã‚¢ã®ç‹¬ç«‹ç³»æ—¥åˆŠç´™","https://punchng.com","69080efea1801249bbe1e925","2025-11-03T02:10:06.232000","2025-11-03T02:10:06.232000","6906a8a756a390b09aaf81fb","so1ro.tanabe@gmail.com","false"
"Cape Times","å—ã‚¢ãƒ•ãƒªã‚«","ã‚±ãƒ¼ãƒ—ã‚¿ã‚¦ãƒ³","ã‚¢ãƒ•ãƒªã‚«","è‹±èª","ä¸­é“","æ··åˆçµŒæ¸ˆ","-33.9249","18.4241","ğŸ‡¿ğŸ‡¦","å—ã‚¢ãƒ•ãƒªã‚«ã®ä¸»è¦æ—¥åˆŠç´™","https://www.iol.co.za/capetimes","69080efea1801249bbe1e926","2025-11-03T02:10:06.232000","2025-11-03T02:10:06.232000","6906a8a756a390b09aaf81fb","so1ro.tanabe@gmail.com","false"
"The Witness","å—ã‚¢ãƒ•ãƒªã‚«","ãƒ”ãƒ¼ã‚¿ãƒ¼ãƒãƒªãƒƒãƒ„ãƒãƒ¼ã‚°","ã‚¢ãƒ•ãƒªã‚«","è‹±èª","ä¸­é“","æ··åˆçµŒæ¸ˆ","-29.6","30.3794","ğŸ‡¿ğŸ‡¦","å—ã‚¢ãƒ•ãƒªã‚«ã®åœ°æ–¹ç´™","https://www.news24.com/witness","69080efea1801249bbe1e927","2025-11-03T02:10:06.232000","2025-11-03T02:10:06.232000","6906a8a756a390b09aaf81fb","so1ro.tanabe@gmail.com","false"
"Botswana Gazette","ãƒœãƒ„ãƒ¯ãƒŠ","ãƒãƒœãƒ­ãƒ¼ãƒ","ã‚¢ãƒ•ãƒªã‚«","è‹±èª","ç‹¬ç«‹ç³»","æ··åˆçµŒæ¸ˆ","-24.6282","25.9231","ğŸ‡§ğŸ‡¼","ãƒœãƒ„ãƒ¯ãƒŠã®ç‹¬ç«‹ç³»é€±åˆŠç´™","https://www.gazette.bw","69080efea1801249bbe1e928","2025-11-03T02:10:06.232000","2025-11-03T02:10:06.232000","6906a8a756a390b09aaf81fb","so1ro.tanabe@gmail.com","false"
"Namibian","ãƒŠãƒŸãƒ“ã‚¢","ã‚¦ã‚£ãƒ³ãƒˆãƒ•ãƒƒã‚¯","ã‚¢ãƒ•ãƒªã‚«","è‹±èª","ç‹¬ç«‹ç³»","æ··åˆçµŒæ¸ˆ","-22.5597","17.0832","ğŸ‡³ğŸ‡¦","ãƒŠãƒŸãƒ“ã‚¢ã®ç‹¬ç«‹ç³»æ—¥åˆŠç´™","https://www.namibian.com.na","69080efea1801249bbe1e929","2025-11-03T02:10:06.232000","2025-11-03T02:10:06.232000","6906a8a756a390b09aaf81fb","so1ro.tanabe@gmail.com","false"
"Times of Swaziland","ã‚¨ã‚¹ãƒ¯ãƒ†ã‚£ãƒ‹","ãƒ ãƒãƒãƒ¼ãƒ","ã‚¢ãƒ•ãƒªã‚«","è‹±èª","ä¸­é“","æ··åˆçµŒæ¸ˆ","-26.3054","31.1367","ğŸ‡¸ğŸ‡¿","ã‚¨ã‚¹ãƒ¯ãƒ†ã‚£ãƒ‹ã®ä¸»è¦æ—¥åˆŠç´™","https://www.times.co.sz","69080efea1801249bbe1e92a","2025-11-03T02:10:06.232000","2025-11-03T02:10:06.232000","6906a8a756a390b09aaf81fb","so1ro.tanabe@gmail.com","false"
"Lesotho Times","ãƒ¬ã‚½ãƒˆ","ãƒã‚»ãƒ«","ã‚¢ãƒ•ãƒªã‚«","è‹±èª","ç‹¬ç«‹ç³»","æ··åˆçµŒæ¸ˆ","-29.3167","27.4833","ğŸ‡±ğŸ‡¸","ãƒ¬ã‚½ãƒˆã®ç‹¬ç«‹ç³»é€±åˆŠç´™","https://lestimes.com","69080efea1801249bbe1e92b","2025-11-03T02:10:06.232000","2025-11-03T02:10:06.232000","6906a8a756a390b09aaf81fb","so1ro.tanabe@gmail.com","false"
"Indian Express","ã‚¤ãƒ³ãƒ‰","ãƒ ãƒ³ãƒã‚¤","ã‚¢ã‚¸ã‚¢","è‹±èª","ä¸­é“","æ··åˆçµŒæ¸ˆ","19.076","72.8777","ğŸ‡®ğŸ‡³","ã‚¤ãƒ³ãƒ‰ã®ä¸»è¦è‹±å­—æ—¥åˆŠç´™","https://indianexpress.com","69080efea1801249bbe1e92c","2025-11-03T02:10:06.232000","2025-11-03T02:10:06.232000","6906a8a756a390b09aaf81fb","so1ro.tanabe@gmail.com","false"
"The Telegraph","ã‚¤ãƒ³ãƒ‰","ã‚³ãƒ«ã‚«ã‚¿","ã‚¢ã‚¸ã‚¢","è‹±èª","ä¸­é“å·¦æ´¾","æ··åˆçµŒæ¸ˆ","22.5726","88.3639","ğŸ‡®ğŸ‡³","ã‚¤ãƒ³ãƒ‰æ±éƒ¨ã®ä¸»è¦è‹±å­—æ—¥åˆŠç´™","https://www.telegraphindia.com","69080efea1801249bbe1e92d","2025-11-03T02:10:06.232000","2025-11-03T02:10:06.232000","6906a8a756a390b09aaf81fb","so1ro.tanabe@gmail.com","false"
"Deccan Herald","ã‚¤ãƒ³ãƒ‰","ãƒãƒ³ã‚¬ãƒ­ãƒ¼ãƒ«","ã‚¢ã‚¸ã‚¢","è‹±èª","ä¸­é“","æ··åˆçµŒæ¸ˆ","12.9716","77.5946","ğŸ‡®ğŸ‡³","ã‚¤ãƒ³ãƒ‰å—éƒ¨ã®ä¸»è¦è‹±å­—æ—¥åˆŠç´™","https://www.deccanherald.com","69080efea1801249bbe1e92e","2025-11-03T02:10:06.232000","2025-11-03T02:10:06.232000","6906a8a756a390b09aaf81fb","so1ro.tanabe@gmail.com","false"
"Mainichi Shimbun","æ—¥æœ¬","æ±äº¬","ã‚¢ã‚¸ã‚¢","æ—¥æœ¬èª","ä¸­é“","æ··åˆçµŒæ¸ˆ","35.6762","139.6503","ğŸ‡¯ğŸ‡µ","æ—¥æœ¬ã®ä¸‰å¤§å…¨å›½ç´™ã®ä¸€ã¤","https://mainichi.jp","69080efea1801249bbe1e92f","2025-11-03T02:10:06.232000","2025-11-03T02:10:06.232000","6906a8a756a390b09aaf81fb","so1ro.tanabe@gmail.com","false"
"Yomiuri Shimbun","æ—¥æœ¬","æ±äº¬","ã‚¢ã‚¸ã‚¢","æ—¥æœ¬èª","ä¸­é“å³æ´¾","æ··åˆçµŒæ¸ˆ","35.6762","139.6503","ğŸ‡¯ğŸ‡µ","æ—¥æœ¬æœ€å¤§ã®æ—¥åˆŠç´™","https://www.yomiuri.co.jp","69080efea1801249bbe1e930","2025-11-03T02:10:06.232000","2025-11-03T02:10:06.232000","6906a8a756a390b09aaf81fb","so1ro.tanabe@gmail.com","false"
"China Daily","ä¸­å›½","åŒ—äº¬","ã‚¢ã‚¸ã‚¢","è‹±èª","ä¸­é“","ç¤¾ä¼šä¸»ç¾©çš„","39.9042","116.4074","ğŸ‡¨ğŸ‡³","ä¸­å›½ã®è‹±å­—æ—¥åˆŠç´™","https://www.chinadaily.com.cn","69080efea1801249bbe1e931","2025-11-03T02:10:06.232000","2025-11-03T02:10:06.232000","6906a8a756a390b09aaf81fb","so1ro.tanabe@gmail.com","false"
"Arab News","ã‚µã‚¦ã‚¸ã‚¢ãƒ©ãƒ“ã‚¢","ã‚¸ãƒƒãƒ€","ä¸­æ±","è‹±èª","ä¸­é“","æ··åˆçµŒæ¸ˆ","21.5433","39.1728","ğŸ‡¸ğŸ‡¦","ã‚µã‚¦ã‚¸ã‚¢ãƒ©ãƒ“ã‚¢ã®è‹±å­—æ—¥åˆŠç´™","https://www.arabnews.com","69080efea1801249bbe1e932","2025-11-03T02:10:06.232000","2025-11-03T02:10:06.232000","6906a8a756a390b09aaf81fb","so1ro.tanabe@gmail.com","false"
"Gulf News","UAE","ãƒ‰ãƒã‚¤","ä¸­æ±","è‹±èª","ä¸­é“","è‡ªç”±å¸‚å ´","25.2048","55.2708","ğŸ‡¦ğŸ‡ª","UAEã®è‹±å­—æ—¥åˆŠç´™","https://gulfnews.com","69080efea1801249bbe1e933","2025-11-03T02:10:06.232000","2025-11-03T02:10:06.232000","6906a8a756a390b09aaf81fb","so1ro.tanabe@gmail.com","false"
"Kuwait Times","ã‚¯ã‚¦ã‚§ãƒ¼ãƒˆ","ã‚¯ã‚¦ã‚§ãƒ¼ãƒˆå¸‚","ä¸­æ±","è‹±èª","ä¸­é“","æ··åˆçµŒæ¸ˆ","29.3759","47.9774","ğŸ‡°ğŸ‡¼","ã‚¯ã‚¦ã‚§ãƒ¼ãƒˆã®è‹±å­—æ—¥åˆŠç´™","https://www.kuwaittimes.com","69080efea1801249bbe1e934","2025-11-03T02:10:06.232000","2025-11-03T02:10:06.232000","6906a8a756a390b09aaf81fb","so1ro.tanabe@gmail.com","false"
"Oman Observer","ã‚ªãƒãƒ¼ãƒ³","ãƒã‚¹ã‚«ãƒƒãƒˆ","ä¸­æ±","è‹±èª","ä¸­é“","æ··åˆçµŒæ¸ˆ","23.588","58.3829","ğŸ‡´ğŸ‡²","ã‚ªãƒãƒ¼ãƒ³ã®è‹±å­—æ—¥åˆŠç´™","https://www.omanobserver.om","69080efea1801249bbe1e935","2025-11-03T02:10:06.232000","2025-11-03T02:10:06.232000","6906a8a756a390b09aaf81fb","so1ro.tanabe@gmail.com","false"
"The Peninsula","ã‚«ã‚¿ãƒ¼ãƒ«","ãƒ‰ãƒ¼ãƒ","ä¸­æ±","è‹±èª","ä¸­é“","æ··åˆçµŒæ¸ˆ","25.2854","51.531","ğŸ‡¶ğŸ‡¦","ã‚«ã‚¿ãƒ¼ãƒ«ã®è‹±å­—æ—¥åˆŠç´™","https://www.thepeninsulaqatar.com","69080efea1801249bbe1e936","2025-11-03T02:10:06.232000","2025-11-03T02:10:06.232000","6906a8a756a390b09aaf81fb","so1ro.tanabe@gmail.com","false"
"Bahrain Tribune","ãƒãƒ¼ãƒ¬ãƒ¼ãƒ³","ãƒãƒŠãƒ¼ãƒ","ä¸­æ±","è‹±èª","ä¸­é“","æ··åˆçµŒæ¸ˆ","26.2285","50.586","ğŸ‡§ğŸ‡­","ãƒãƒ¼ãƒ¬ãƒ¼ãƒ³ã®è‹±å­—æ—¥åˆŠç´™","https://www.bahraintribune.com","69080efea1801249bbe1e937","2025-11-03T02:10:06.232000","2025-11-03T02:10:06.232000","6906a8a756a390b09aaf81fb","so1ro.tanabe@gmail.com","false"
"Jerusalem Post","ã‚¤ã‚¹ãƒ©ã‚¨ãƒ«","ã‚¨ãƒ«ã‚µãƒ¬ãƒ ","ä¸­æ±","è‹±èª","ä¸­é“å³æ´¾","è‡ªç”±å¸‚å ´","31.7683","35.2137","ğŸ‡®ğŸ‡±","ã‚¤ã‚¹ãƒ©ã‚¨ãƒ«ã®è‹±å­—æ—¥åˆŠç´™","https://www.jpost.com","69080efea1801249bbe1e938","2025-11-03T02:10:06.232000","2025-11-03T02:10:06.232000","6906a8a756a390b09aaf81fb","so1ro.tanabe@gmail.com","false"
"Tehran Times","ã‚¤ãƒ©ãƒ³","ãƒ†ãƒ˜ãƒ©ãƒ³","ä¸­æ±","è‹±èª","ä¸­é“","æ··åˆçµŒæ¸ˆ","35.6892","51.389","ğŸ‡®ğŸ‡·","ã‚¤ãƒ©ãƒ³ã®è‹±å­—æ—¥åˆŠç´™","https://www.tehrantimes.com","69080efea1801249bbe1e939","2025-11-03T02:10:06.232000","2025-11-03T02:10:06.232000","6906a8a756a390b09aaf81fb","so1ro.tanabe@gmail.com","false"
"Iraq News","ã‚¤ãƒ©ã‚¯","ãƒã‚°ãƒ€ãƒƒãƒ‰","ä¸­æ±","è‹±èª","ç‹¬ç«‹ç³»","","33.3152","44.3661","ğŸ‡®ğŸ‡¶","ã‚¤ãƒ©ã‚¯ã®è‹±å­—ã‚ªãƒ³ãƒ©ã‚¤ãƒ³ãƒ¡ãƒ‡ã‚£ã‚¢","https://www.iraqnews.com","69080efea1801249bbe1e93a","2025-11-03T02:10:06.232000","2025-11-03T02:10:06.232000","6906a8a756a390b09aaf81fb","so1ro.tanabe@gmail.com","false"
"Yemen Times","ã‚¤ã‚¨ãƒ¡ãƒ³","ã‚µãƒŒã‚¢","ä¸­æ±","è‹±èª","ç‹¬ç«‹ç³»","æ··åˆçµŒæ¸ˆ","15.3694","44.191","ğŸ‡¾ğŸ‡ª","ã‚¤ã‚¨ãƒ¡ãƒ³ã®ç‹¬ç«‹ç³»è‹±å­—é€±åˆŠç´™","https://www.yementimes.com","69080efea1801249bbe1e93b","2025-11-03T02:10:06.232000","2025-11-03T02:10:06.232000","6906a8a756a390b09aaf81fb","so1ro.tanabe@gmail.com","false"
"Syria Times","ã‚·ãƒªã‚¢","ãƒ€ãƒã‚¹ã‚«ã‚¹","ä¸­æ±","è‹±èª","ä¸­é“","ç¤¾ä¼šä¸»ç¾©çš„","33.5138","36.2765","ğŸ‡¸ğŸ‡¾","ã‚·ãƒªã‚¢ã®è‹±å­—æ—¥åˆŠç´™","https://www.syriatimes.sy","69080efea1801249bbe1e93c","2025-11-03T02:10:06.232000","2025-11-03T02:10:06.232000","6906a8a756a390b09aaf81fb","so1ro.tanabe@gmail.com","false"
"Vancouver Sun","ã‚«ãƒŠãƒ€","ãƒãƒ³ã‚¯ãƒ¼ãƒãƒ¼","åŒ—ã‚¢ãƒ¡ãƒªã‚«","è‹±èª","ä¸­é“","æ··åˆçµŒæ¸ˆ","49.2827","-123.1207","ğŸ‡¨ğŸ‡¦","ãƒãƒ³ã‚¯ãƒ¼ãƒãƒ¼ã®ä¸»è¦æ—¥åˆŠç´™","https://vancouversun.com","69080efea1801249bbe1e93d","2025-11-03T02:10:06.232000","2025-11-03T02:10:06.232000","6906a8a756a390b09aaf81fb","so1ro.tanabe@gmail.com","false"
"Montreal Gazette","ã‚«ãƒŠãƒ€","ãƒ¢ãƒ³ãƒˆãƒªã‚ªãƒ¼ãƒ«","åŒ—ã‚¢ãƒ¡ãƒªã‚«","è‹±èª","ä¸­é“","æ··åˆçµŒæ¸ˆ","45.5017","-73.5673","ğŸ‡¨ğŸ‡¦","ãƒ¢ãƒ³ãƒˆãƒªã‚ªãƒ¼ãƒ«ã®ä¸»è¦è‹±å­—æ—¥åˆŠç´™","https://montrealgazette.com","69080efea1801249bbe1e93e","2025-11-03T02:10:06.232000","2025-11-03T02:10:06.232000","6906a8a756a390b09aaf81fb","so1ro.tanabe@gmail.com","false"
"Washington Post","ã‚¢ãƒ¡ãƒªã‚«","ãƒ¯ã‚·ãƒ³ãƒˆãƒ³DC","åŒ—ã‚¢ãƒ¡ãƒªã‚«","è‹±èª","ä¸­é“å·¦æ´¾","æ··åˆçµŒæ¸ˆ","38.9072","-77.0369","ğŸ‡ºğŸ‡¸","ã‚¢ãƒ¡ãƒªã‚«ã®ä¸»è¦æ—¥åˆŠç´™","https://www.washingtonpost.com","69080efea1801249bbe1e93f","2025-11-03T02:10:06.232000","2025-11-03T02:10:06.232000","6906a8a756a390b09aaf81fb","so1ro.tanabe@gmail.com","false"
"Los Angeles Times","ã‚¢ãƒ¡ãƒªã‚«","ãƒ­ã‚µãƒ³ã‚¼ãƒ«ã‚¹","åŒ—ã‚¢ãƒ¡ãƒªã‚«","è‹±èª","ä¸­é“å·¦æ´¾","æ··åˆçµŒæ¸ˆ","34.0522","-118.2437","ğŸ‡ºğŸ‡¸","è¥¿æµ·å²¸æœ€å¤§ã®æ—¥åˆŠç´™","https://www.latimes.com","69080efea1801249bbe1e940","2025-11-03T02:10:06.232000","2025-11-03T02:10:06.232000","6906a8a756a390b09aaf81fb","so1ro.tanabe@gmail.com","false"
"Chicago Tribune","ã‚¢ãƒ¡ãƒªã‚«","ã‚·ã‚«ã‚´","åŒ—ã‚¢ãƒ¡ãƒªã‚«","è‹±èª","ä¸­é“","æ··åˆçµŒæ¸ˆ","41.8781","-87.6298","ğŸ‡ºğŸ‡¸","ã‚·ã‚«ã‚´ã®ä¸»è¦æ—¥åˆŠç´™","https://www.chicagotribune.com","69080efea1801249bbe1e941","2025-11-03T02:10:06.232000","2025-11-03T02:10:06.232000","6906a8a756a390b09aaf81fb","so1ro.tanabe@gmail.com","false"
"Reforma","ãƒ¡ã‚­ã‚·ã‚³","ãƒ¡ã‚­ã‚·ã‚³ã‚·ãƒ†ã‚£","åŒ—ã‚¢ãƒ¡ãƒªã‚«","ã‚¹ãƒšã‚¤ãƒ³èª","ä¸­é“","æ··åˆçµŒæ¸ˆ","19.4326","-99.1332","ğŸ‡²ğŸ‡½","ãƒ¡ã‚­ã‚·ã‚³ã®ä¸»è¦æ—¥åˆŠç´™","https://www.reforma.com","69080efea1801249bbe1e942","2025-11-03T02:10:06.232000","2025-11-03T02:10:06.232000","6906a8a756a390b09aaf81fb","so1ro.tanabe@gmail.com","false"
"La Jornada","ãƒ¡ã‚­ã‚·ã‚³","ãƒ¡ã‚­ã‚·ã‚³ã‚·ãƒ†ã‚£","åŒ—ã‚¢ãƒ¡ãƒªã‚«","ã‚¹ãƒšã‚¤ãƒ³èª","å·¦æ´¾","ç¤¾ä¼šä¸»ç¾©çš„","19.4326","-99.1332","ğŸ‡²ğŸ‡½","ãƒ¡ã‚­ã‚·ã‚³ã®å·¦æ´¾ç³»æ—¥åˆŠç´™","https://www.jornada.com.mx","69080efea1801249bbe1e943","2025-11-03T02:10:06.232000","2025-11-03T02:10:06.232000","6906a8a756a390b09aaf81fb","so1ro.tanabe@gmail.com","false"
"Prensa Libre","ã‚°ã‚¢ãƒ†ãƒãƒ©","ã‚°ã‚¢ãƒ†ãƒãƒ©ã‚·ãƒ†ã‚£","åŒ—ã‚¢ãƒ¡ãƒªã‚«","ã‚¹ãƒšã‚¤ãƒ³èª","ä¸­é“","æ··åˆçµŒæ¸ˆ","14.6349","-90.5069","ğŸ‡¬ğŸ‡¹","ã‚°ã‚¢ãƒ†ãƒãƒ©æœ€å¤§ã®æ—¥åˆŠç´™","https://www.prensalibre.com","69080efea1801249bbe1e944","2025-11-03T02:10:06.232000","2025-11-03T02:10:06.232000","6906a8a756a390b09aaf81fb","so1ro.tanabe@gmail.com","false"
"La Prensa","ãƒ‹ã‚«ãƒ©ã‚°ã‚¢","ãƒãƒŠã‚°ã‚¢","åŒ—ã‚¢ãƒ¡ãƒªã‚«","ã‚¹ãƒšã‚¤ãƒ³èª","ç‹¬ç«‹ç³»","æ··åˆçµŒæ¸ˆ","12.1364","-86.2514","ğŸ‡³ğŸ‡®","ãƒ‹ã‚«ãƒ©ã‚°ã‚¢ã®ç‹¬ç«‹ç³»æ—¥åˆŠç´™","https://www.laprensa.com.ni","69080efea1801249bbe1e945","2025-11-03T02:10:06.232000","2025-11-03T02:10:06.232000","6906a8a756a390b09aaf81fb","so1ro.tanabe@gmail.com","false"
"La NaciÃ³n","ã‚³ã‚¹ã‚¿ãƒªã‚«","ã‚µãƒ³ãƒ›ã‚»","åŒ—ã‚¢ãƒ¡ãƒªã‚«","ã‚¹ãƒšã‚¤ãƒ³èª","ä¸­é“","æ··åˆçµŒæ¸ˆ","9.9281","-84.0907","ğŸ‡¨ğŸ‡·","ã‚³ã‚¹ã‚¿ãƒªã‚«æœ€å¤§ã®æ—¥åˆŠç´™","https://www.nacion.com","69080efea1801249bbe1e946","2025-11-03T02:10:06.232000","2025-11-03T02:10:06.232000","6906a8a756a390b09aaf81fb","so1ro.tanabe@gmail.com","false"
"La Prensa","ãƒ‘ãƒŠãƒ","ãƒ‘ãƒŠãƒã‚·ãƒ†ã‚£","åŒ—ã‚¢ãƒ¡ãƒªã‚«","ã‚¹ãƒšã‚¤ãƒ³èª","ä¸­é“","æ··åˆçµŒæ¸ˆ","8.9824","-79.5199","ğŸ‡µğŸ‡¦","ãƒ‘ãƒŠãƒã®ä¸»è¦æ—¥åˆŠç´™","https://www.prensa.com","69080efea1801249bbe1e947","2025-11-03T02:10:06.232000","2025-11-03T02:10:06.232000","6906a8a756a390b09aaf81fb","so1ro.tanabe@gmail.com","false"
"Jamaica Observer","ã‚¸ãƒ£ãƒã‚¤ã‚«","ã‚­ãƒ³ã‚°ã‚¹ãƒˆãƒ³","åŒ—ã‚¢ãƒ¡ãƒªã‚«","è‹±èª","ä¸­é“","æ··åˆçµŒæ¸ˆ","18.0179","-76.8099","ğŸ‡¯ğŸ‡²","ã‚¸ãƒ£ãƒã‚¤ã‚«ã®ä¸»è¦æ—¥åˆŠç´™","https://www.jamaicaobserver.com","69080efea1801249bbe1e948","2025-11-03T02:10:06.232000","2025-11-03T02:10:06.232000","6906a8a756a390b09aaf81fb","so1ro.tanabe@gmail.com","false"
"Trinidad Express","ãƒˆãƒªãƒ‹ãƒ€ãƒ¼ãƒ‰ãƒ»ãƒˆãƒã‚´","ãƒãƒ¼ãƒˆã‚ªãƒ–ã‚¹ãƒšã‚¤ãƒ³","åŒ—ã‚¢ãƒ¡ãƒªã‚«","è‹±èª","ä¸­é“","æ··åˆçµŒæ¸ˆ","10.6596","-61.5089","ğŸ‡¹ğŸ‡¹","ãƒˆãƒªãƒ‹ãƒ€ãƒ¼ãƒ‰ãƒ»ãƒˆãƒã‚´ã®ä¸»è¦æ—¥åˆŠç´™","https://trinidadexpress.com","69080efea1801249bbe1e949","2025-11-03T02:10:06.232000","2025-11-03T02:10:06.232000","6906a8a756a390b09aaf81fb","so1ro.tanabe@gmail.com","false"
"Fiji Times","ãƒ•ã‚£ã‚¸ãƒ¼","ã‚¹ãƒ","ã‚ªã‚»ã‚¢ãƒ‹ã‚¢","è‹±èª","ä¸­é“","æ··åˆçµŒæ¸ˆ","-18.1416","178.4419","ğŸ‡«ğŸ‡¯","ãƒ•ã‚£ã‚¸ãƒ¼æœ€å¤§ã®æ—¥åˆŠç´™","https://www.fijitimes.com","69080efea1801249bbe1e94a","2025-11-03T02:10:06.232000","2025-11-03T02:10:06.232000","6906a8a756a390b09aaf81fb","so1ro.tanabe@gmail.com","false"
"Papua New Guinea Post-Courier","ãƒ‘ãƒ—ã‚¢ãƒ‹ãƒ¥ãƒ¼ã‚®ãƒ‹ã‚¢","ãƒãƒ¼ãƒˆãƒ¢ãƒ¬ã‚¹ãƒ“ãƒ¼","ã‚ªã‚»ã‚¢ãƒ‹ã‚¢","è‹±èª","ä¸­é“","æ··åˆçµŒæ¸ˆ","-9.4438","147.1803","ğŸ‡µğŸ‡¬","ãƒ‘ãƒ—ã‚¢ãƒ‹ãƒ¥ãƒ¼ã‚®ãƒ‹ã‚¢ã®ä¸»è¦æ—¥åˆŠç´™","https://postcourier.com.pg","69080efea1801249bbe1e94b","2025-11-03T02:10:06.232000","2025-11-03T02:10:06.232000","6906a8a756a390b09aaf81fb","so1ro.tanabe@gmail.com","false"
"Samoa Observer","ã‚µãƒ¢ã‚¢","ã‚¢ãƒ”ã‚¢","ã‚ªã‚»ã‚¢ãƒ‹ã‚¢","è‹±èª","ä¸­é“","","-13.8506","-171.7513","ğŸ‡¼ğŸ‡¸","ã‚µãƒ¢ã‚¢ã®ä¸»è¦æ—¥åˆŠç´™","https://www.samoaobserver.ws","69080efea1801249bbe1e94c","2025-11-03T02:10:06.232000","2025-11-03T02:10:06.232000","6906a8a756a390b09aaf81fb","so1ro.tanabe@gmail.com","false"
"Vanuatu Daily Post","ãƒãƒŒã‚¢ãƒ„","ãƒãƒ¼ãƒˆãƒ“ãƒ©","ã‚ªã‚»ã‚¢ãƒ‹ã‚¢","è‹±èª","ä¸­é“","æ··åˆçµŒæ¸ˆ","-17.7333","168.3273","ğŸ‡»ğŸ‡º","ãƒãƒŒã‚¢ãƒ„ã®ä¸»è¦æ—¥åˆŠç´™","https://dailypost.vu","69080efea1801249bbe1e94d","2025-11-03T02:10:06.232000","2025-11-03T02:10:06.232000","6906a8a756a390b09aaf81fb","so1ro.tanabe@gmail.com","false"